Suite,Program,cpu-cycles,instructions,cache-references,cache-misses,cache-misses %,branch-instructions,branch-misses,branch-misses %,page-faults,branch-loads,branch-load-misses,L1-dcache-loads,L1-dcache-load-misses,L1-dcache-stores,L1-dcache-store-misses,L1-dcache-prefetch-misses,L1-icache-load-misses,LLC-loads,LLC-load-misses,LLC-stores,LLC-store-misses,LLC-prefetch-misses,dTLB-loads,dTLB-load-misses,dTLB-stores,dTLB-store-misses,iTLB-loads,iTLB-load-misses
Adobe-C++,stepanov_abstraction,11690507793,16673219010,5679839,588363,10.36%,4121330410,61571267,1.49%,11907,4118846181,58055358,3766533027,11388210,966942742,4790985,2634140,10682782,8885839,1073765,1013957,273658,32830,3820417598,405310,806427946,53286,219679,161670
Adobe-C++,functionobjects,9216926353,8485434552,6164770,286388,4.65%,1947888309,253341756,13.01%,11925,1947630145,254153200,1909761957,42346651,850276093,22653811,19925581,10684774,5587979,512544,957747,489113,293033,1878427018,1142722,842804779,62476,161269,148212
Adobe-C++,stepanov_vector,6890502567,10187223507,5624093,438895,7.80%,2582971488,50883362,1.97%,11873,2559804582,47131085,2168313014,6566502,832269630,3877353,1830719,12127623,5648523,658285,1102695,352275,357153,2064784239,996918,685066896,54594,160142,152153
Adobe-C++,simple_types_loop_invariant,5933375832,4136280631,5328893,447621,8.40%,545882936,4807479,0.88%,12029,537342019,5043386,718791980,60494596,72399682,3708107,17899209,9284885,4249217,762311,1234498,508241,274075,499397362,449070,37678006,61183,137091,160024
Adobe-C++,loop_unroll,3032986959,5368457424,5513249,335110,6.08%,170310438,4521820,2.66%,12121,179712060,4906312,1116841674,45241307,83227647,4033766,29947701,11390854,6689871,1020545,940099,233943,104933,1098655579,412169,38268506,54322,217743,168580
Adobe-C++,simple_types_constant_folding,2773504405,2197716062,5914300,398482,6.74%,235927615,4347973,1.84%,12043,204767786,4592488,199079497,51496581,81593483,4040976,29251803,10773664,5386314,826567,1405792,555296,248815,270376157,414356,39336231,58533,197744,171402
ASC_Sequoia,AMGmk,18274186386,43287727417,212877878,461125,0.22%,4685460951,14991006,0.32%,18809,4669748297,15407856,11980747393,1140688606,1092507125,195451015,826647368,10952138,146333240,1078680,91012931,1406064,303721,11694473748,14229389,1083868396,1256512,176084,139293
ASC_Sequoia,CrystalMk,10558101292,25470039827,5051769,430250,8.52%,2699882922,4514180,0.17%,11818,2691690515,4355177,6588990894,10742701,1896676147,3682121,1776744,11821819,5034229,946203,1469157,357186,304614,6358582544,479699,1985450334,60413,164233,139230
ASC_Sequoia,IRSmk,7483870866,7866025225,139321091,369955,0.27%,253651911,4304368,1.70%,13143,251605562,4710660,4369444544,1473447533,560411140,46805482,151227691,10833592,193109424,917705,8683250,562463,299115,4144376705,6607370,535172530,277614,221108,164154
ASCI_Purple,smg2000,6569838215,6848516701,245389124,24510170,9.99%,751853336,13295423,1.77%,71778,739922472,13395517,2367681696,446897232,796752371,158387032,218133036,10662335,244562750,31708703,43782721,13223752,22243052,2142657314,6427760,807775681,2089980,298746,241811
BenchmarkGame,fannkuch,7670726205,10322060384,5241230,393565,7.51%,1610401814,198918262,12.35%,11794,1595446545,200785226,1795398384,10895875,1725390969,3601238,1679360,11960591,5021237,919843,1796346,446594,212525,1803142656,438615,1775775077,62600,151724,153549
BenchmarkGame,fasta,3131507797,2254561468,7429871,1619012,21.79%,317843391,41152151,12.95%,12336,325419620,41991608,425124777,16504527,189127703,6395781,2545160,13554050,6433697,1356092,2123711,1352468,483036,455712518,1182887,196483447,134066,159385,232285
BenchmarkGame,recursive,3003103930,5501112923,5902023,427271,7.24%,1285176989,5133289,0.40%,11843,1256795315,6071992,1480197577,38366637,948150289,22852389,15175395,10292590,7077153,839615,998849,170469,139403,1433929097,398973,1075855002,53695,206394,505291
BenchmarkGame,n-body,2509497537,3903779701,5617676,397437,7.07%,260127338,4332121,1.67%,11789,254281675,4646880,703648902,11802405,343165964,4092595,1818604,11724558,5911744,807905,955654,173031,144318,692280891,430826,344146529,62782,188449,172823
BenchmarkGame,spectral-norm,2974416391,2633097400,5834365,361290,6.19%,167931031,4627624,2.76%,11802,164299744,4496061,264501359,11056055,81061711,3781323,1830982,12411622,5131835,621269,1199811,378061,169998,338003840,883242,50478098,69758,179834,176427
BenchmarkGame,nsieve-bits,2273258494,3864529431,33580931,535643,1.60%,760649751,22239749,2.92%,13066,690916399,20971450,375510886,111523878,168564296,8797264,5435283,9028313,96679834,690834,913866,1016035,191394,374266328,7017037,125949837,83324,255596,189605
BenchmarkGame,partialsums,1395421195,1787030926,5663494,254686,4.50%,217200414,7946052,3.66%,11803,234030596,9148278,428939766,13285809,183235397,4488772,2149647,11923668,5501132,599689,904291,338659,181059,397261414,507141,161811032,70890,220570,185368
BenchmarkGame,puzzle,1243427231,2078189153,22939062,381869,1.66%,180406285,6477311,3.59%,12790,179372665,6467441,282197618,58980498,115171110,5255539,31898318,13513621,19500539,522556,873255,389523,173076,266069748,834788,95836948,124527,461851,349673
BitBench,five11,4754917110,11275127878,9334252,519521,5.57%,2422778858,24996311,1.03%,11816,2458361487,25285611,3109696413,103963911,1320950396,63221341,14228171,9016368,4734595,435290,861084,243841,257293,2445259386,5007543,1154733375,149073,4892623,363443
BitBench,drop3,1568770888,3241915720,8231199,402942,4.90%,648987487,9367042,1.44%,12902,628376654,9863392,252599159,16742068,132932436,5390647,3672639,13683477,5491970,447375,964719,567238,318290,242833783,1267477,120347599,128004,453588,344029
BitBench,uudecode,641380624,657058915,8311771,420225,5.06%,98718070,5485216,5.56%,11994,96146804,5528150,171980159,12743018,96763758,4520491,1945610,9882438,4061317,406827,699244,398331,151554,120732518,848671,48156417,67043,207348,390561
BitBench,uuencode,617297472,525540923,8681012,443518,5.11%,90549034,4891636,5.40%,11802,83560639,5346468,167464813,12032925,90690358,4297380,1383212,8390520,5236574,567023,616290,123125,30318,135480716,451852,135406019,150695,433191,380074
Bullet,bullet,11408425553,20636392369,102259932,1280262,1.25%,1714485525,31088188,1.81%,27516,1643613630,31823172,6315379258,385755679,1815172522,158695011,164331096,11343439,99288475,1106276,9475432,946538,620089,6160107401,11108236,2001379173,1722968,248884,236994
CoyoteBench,huffbench,40324604345,73410505774,12437039,1362334,10.95%,13464193042,754091497,5.60%,18213,13478551235,745926192,10943343931,38292434,1071246315,13416062,8821935,10368493,6145654,665968,8499181,1129238,1556487,10937228424,1406465,846172280,325652,203683,177097
CoyoteBench,almabench,25323602051,42772507014,5929808,371906,6.27%,4987862868,238832291,4.79%,11806,4988091868,239320246,10339020335,16474336,3411553755,3960639,3597409,12225130,5818313,933547,1205821,161836,217882,10302205389,403425,3412081170,53041,38733837,158520
CoyoteBench,lpbench,8023733575,9566894395,215334370,43760955,20.32%,784586689,6643255,0.85%,19629,777826551,6610210,2948857118,373847476,1474580515,351433635,231839953,10545737,309349311,77835212,1561931,1168529,22515521,2772317916,7788075,1455105862,7743268,187576,170161
CoyoteBench,fftbench,2577444557,2422266223,57418913,5678390,9.89%,370932000,5135731,1.38%,36476,353396842,5201179,325968431,123734349,310925901,102722699,29386573,12664603,70279863,1696431,4956090,3007378,703560,456306359,34425993,322824020,2121593,610809,537364
Dhrystone,fldry,2033147924,2195670530,5451158,396255,7.27%,191621302,4606114,2.40%,11793,189356050,4691531,458104197,10604247,1061867211,4072819,1936684,11171343,4664328,620842,1040619,442098,186936,442792815,775866,1180946055,64990,213075,173907
Dhrystone,dry,1528300978,1830482949,6411634,334075,5.21%,187746969,4646555,2.47%,11778,181804334,5020892,433168242,9824416,902828949,3943292,1632659,9714059,5076492,723172,835593,290915,230222,448913259,417686,1136182755,58855,200569,187433
DOE-ProxyApps-C,PathFinder,8334942241,13702278267,72218898,589967,0.82%,2431489269,89337555,3.67%,12047,2495997980,88836983,3349558864,277355329,1909554637,21523780,126235382,10883418,71347792,1002250,1217898,279802,32928,3283475586,14620545,1821608791,57332,256774,175070
DOE-ProxyApps-C,XSBench,8027444587,13242815960,79124808,1441745,1.82%,2499754768,33606178,1.34%,20153,2498000323,33196766,2815190773,178299018,1582270443,5095703,20169559,10552847,71063061,1103392,1432413,914610,411076,2592448786,20241380,1566693690,123352,186325,913923
DOE-ProxyApps-C,CoMD,6064302971,8627701637,17869386,462286,2.59%,978030536,36595125,3.74%,24385,968520584,37258076,2945891167,33444888,651150558,15710287,10933988,12747414,11854713,896909,6647678,602201,245903,2722570497,1438699,643823165,354615,3176158,194805
DOE-ProxyApps-C,SimpleMOC,5325569690,11463150582,18283260,383395,2.10%,1374339734,7575752,0.55%,17450,1363578042,7521028,2794704524,83063397,1022439804,14029336,23894920,10569571,16085742,709404,995604,387078,298648,2380979097,1578743,981237219,308268,184596,192300
DOE-ProxyApps-C,miniGMG,2865040736,5343653578,24954819,696237,2.79%,404502852,13923944,3.44%,20760,401381225,14254302,1513632729,137138487,293534460,21177367,78667694,10956871,20829284,1427580,7599526,1674996,4783128,1229625089,2191138,295779486,727796,187576,208262
DOE-ProxyApps-C,miniAMR,2525069979,3051373098,29135734,6526380,22.40%,507132464,6200832,1.22%,63995,498861705,6563508,897189538,66252896,471900989,38414995,17765072,12026554,19995747,2387202,5983099,2023497,1764270,670171586,2570364,387571748,995424,195767,238310
DOE-ProxyApps-C,rsbench,2190052651,2822031888,13520019,400139,2.96%,371580818,11959018,3.22%,13564,361017351,12390657,826292454,22936971,310085751,4531018,4537103,13185928,8853281,655521,1240081,390296,176645,576932710,1418687,303082913,117975,641463,349159
Fhourstones-3.1,fhourstones3.1,3848615410,4365543605,13574493,5369184,39.55%,675894618,45253334,6.70%,27996,672497844,42603818,606564366,27994107,407541941,18065137,1914485,10390277,10236627,3133503,1973610,1571644,346172,580881756,4297622,378643578,327481,174558,196180
FreeBench,fourinarow,3543701342,2445980858,6048667,374106,6.18%,90908458,4905739,5.40%,11776,89856375,5364202,399874630,11095963,222304750,3983946,1785545,11959177,4773597,652127,1318952,489815,259151,443739319,533254,191065066,54651,182507,186197
FreeBench,mason,1083595461,1538653352,6009447,450693,7.50%,171758329,7979602,4.65%,11792,168304766,8419602,484928376,13542028,297115529,4889594,1815568,11173354,4543184,623651,1053971,305822,220528,390802000,680435,435905051,69911,227226,203965
FreeBench,distray,954215296,1060465190,7224134,380669,5.27%,116979407,5073595,4.34%,12595,116402829,5342017,253909162,12380582,126260131,4177134,1918324,9611528,3890018,502489,699174,401213,215317,200799366,1080165,98490894,101984,281494,253176
FreeBench,pcompress2,925244357,871805758,7739599,448247,5.79%,184171845,11300676,6.14%,12848,171774371,12671415,269250289,13070501,114488758,4820117,1801966,10213741,4436267,641205,1017878,337402,175949,199736230,484647,95594053,84632,311799,264395
FreeBench,neural,942942456,1127163962,7010634,437293,6.24%,117812297,4884065,4.15%,12163,124753434,4968556,342958959,18056295,101042424,5640647,7263717,10871058,4425255,474835,1051281,340785,218773,309793433,1026627,69066507,98232,278172,244516
FreeBench,pifft,1061589273,1358582534,9789272,305076,3.12%,129372020,5377767,4.16%,12118,110899954,5210618,265014454,24629564,179583479,12532673,7696195,13546226,5764417,383178,979758,333808,185441,204521424,1192929,166878736,118882,588892,394104
FreeBench,analyzer,792877720,798041595,9593732,448676,4.68%,170749607,4169295,2.44%,12060,161529265,4560654,231845639,19937888,114131144,5336942,1911189,11519115,4841648,627425,851326,212586,160103,206574227,705361,61526454,78321,303950,228940
Linpack,linpack-pc,4930386308,12128749902,5792764,430207,7.43%,1530615985,17788265,1.16%,11826,1524553720,17430527,2447825070,228349960,1340742241,176303965,144101465,10339959,4952634,626911,1172654,615418,288866,2181809191,747012,1340379875,55243,177469,150884
llubenchmark,llu,18687263272,2850045331,207600311,523457,0.25%,485773635,5633190,1.16%,13331,489944935,5719677,771891408,430631513,384189255,278786955,2028780,11485482,199775708,909389,1082829,223386,62774,779085733,218447231,346829933,49449413,228796,157234
mafft,pairlocalalign,52076029338,92350464795,28163000,3921403,13.92%,9254470821,617525658,6.67%,49209,9253332991,618659804,15131770556,112647350,10617011553,84892385,14038192,23666784,16027000,4996554,13442802,3403187,4572595,14982001504,2166551,10574680859,807754,183524,295006
MallocBench,cfrac,3195691485,5486965214,6814240,373516,5.48%,1013619391,11751030,1.16%,11903,1008154978,12130354,1255781155,16783971,796974540,5000866,2549221,10874678,6099466,751566,1053927,323038,185299,1210895536,418167,836045099,53002,2763565,176421
MallocBench,espresso,1698314247,2714614172,6778365,441699,6.52%,534615224,21352607,3.99%,12071,535790909,21178632,655835294,17529789,270331045,9223078,7650732,11137693,5317597,716256,1066242,410289,251007,490252739,1380540,299490520,101311,308839,230462
MallocBench,gs,751424757,951816035,5855122,325347,5.56%,149887929,5492995,3.66%,12122,101565265,5520191,164982087,14730553,105297534,4908069,2320052,11748476,4910117,629493,735710,386397,138297,154249221,949087,127841274,83949,410600,476141
McCat,iotest,1350502993,1601816950,13108719,366125,2.79%,415869744,4256402,1.02%,12439,400027507,4759319,466738422,27548434,291961102,4675969,1781927,10211979,11344920,782987,1126199,363449,101566,469166412,11633812,380273176,62197,259040,196547
McCat,bisect,886898691,688526418,7155574,471462,6.59%,122681859,4701949,3.83%,11804,122510623,5399997,195563231,11825255,81679319,3606935,1197659,7002834,5134492,590013,846813,388278,103715,130545611,734724,59891325,89239,254479,266496
McCat,bintr,888542042,581221159,17849746,466657,2.61%,120089554,8868378,7.38%,12159,114635594,9574441,203032408,21722996,93515339,3972891,4764095,8747148,11572068,560217,716681,247358,216038,215125229,975914,118650719,97250,281157,255203
McCat,vor,972140640,851352631,10027806,622127,6.20%,158349811,8818565,5.57%,15034,149052860,8889576,241599703,16688528,130642162,7324507,1598402,9311926,5477013,652408,1019875,565219,158423,214107635,1480788,136116141,572937,333594,248763
McCat,main,804892035,717518019,6592134,533853,8.10%,91456339,4302741,4.70%,12642,119599113,5533391,235607602,16028836,111468213,5382437,1529588,9622193,4421222,670253,995035,427558,161039,165997774,762053,135899631,81471,270732,235261
McCat,qbsort,837775224,1188080852,6461897,422042,6.53%,186672412,5668853,3.04%,12367,134201565,7040396,225517020,16137653,111744070,5571961,1832854,9585909,4063308,643001,723600,243650,167107,307192024,1367167,196382318,139179,250543,294192
McCat,imp,806772065,1612715761,5882727,440198,7.48%,234980593,4524158,1.93%,13135,193416793,5227146,200535030,15023622,107657714,5244004,1928490,10545253,4070427,459027,740247,334932,174080,164139698,788448,96940273,110759,255012,232372
McCat,testtrie,848073598,727438651,10704249,697722,6.52%,121989173,6360309,5.21%,12135,108583711,5841805,178250061,16352593,118099233,5383774,2517328,13196782,4509727,376530,789837,269774,156436,181300825,907174,111579260,165177,644579,492906
McCat,trie,632690772,528654172,8035805,308283,3.84%,89857397,4750806,5.29%,11774,85113682,4805696,136914223,12233392,89710497,4164159,1992117,9536247,3903291,416063,670616,201256,132163,126717686,1004566,76513594,136956,417778,334016
McCat,eks,612697039,531133811,8289197,428007,5.16%,84306899,4527800,5.37%,11799,83518619,5562445,172624841,12123911,83126731,3434976,1094367,6757331,4791744,485315,606304,143529,156084,145978669,855939,78374003,117146,372203,358823
McGill,chomp,5408161364,2452515125,182577447,755829,0.41%,634906817,5499086,0.87%,15469,607266162,5910455,606663755,210575995,106221527,5240538,39567719,10219991,161692277,976850,1348842,421680,56260,755826513,38084248,90031306,98488,604997,236036
McGill,queens,5283852812,4764945684,5625387,428370,7.61%,1169441274,168640456,14.42%,11789,1167038141,171102575,981774668,10798723,526864959,3917101,1565911,10011312,4786218,794390,913033,424108,234338,945870547,532462,505710620,52170,213180,170559
McGill,misr,1183138291,2161554826,5925939,417656,7.05%,278937780,4676437,1.68%,11796,266799600,4762845,539512735,11726639,235551352,5031634,2313973,12249873,5075468,621424,786333,447335,149322,371022062,771938,236698173,75919,252085,203450
McGill,exptree,587452056,506189740,7881827,559286,7.10%,85847210,4715293,5.49%,11761,83359815,5244022,178043914,12275303,89149057,4261813,1367957,9482830,3576357,423763,667155,197742,105721,124864823,727858,66947674,110211,417306,370950
mediabench,encode,764887258,956772409,5571022,429757,7.71%,165369977,7180388,4.34%,11865,123943874,5806261,130364869,12120013,101394694,4775853,2208231,13506622,5319733,410897,919692,419998,306096,129263414,1077431,80925247,146892,195842,198184
mediabench,toast,755852706,784256140,9767536,592727,6.07%,111382731,5817717,5.22%,11823,99540518,5463169,159635552,14496893,105181192,4778321,2192097,11550188,4220313,396940,741844,310857,135430,197729960,699160,74597303,78001,277641,309036
mediabench,mpeg2decode,973256696,860530491,12358756,285037,2.31%,158333827,6752540,4.26%,11942,148722251,6794340,209523103,18542053,133976772,6294243,2963150,14297480,5139995,347628,863357,307707,254589,195023573,1117119,111127665,227200,680185,536161
mediabench,cjpeg,626178084,543215598,8642770,407696,4.72%,90448017,4886226,5.40%,11959,84468636,5480898,173256988,12347074,88806530,4326767,1352474,8304468,3550588,478130,653913,178943,201555,152765860,984885,81123967,112014,471349,368444
mediabench,rawdaudio,646627440,553993469,8609024,426325,4.95%,93392948,5049458,5.41%,12370,86529145,5404394,167942302,12701786,92312089,4347811,1877063,10080331,3925837,501027,720949,361303,123761,127560650,920053,69534970,127448,351229,353384
mediabench,rawcaudio,602110453,513796198,7974787,612451,7.68%,87611544,4720068,5.39%,11802,83257704,5130244,137618401,10943598,87668730,4289331,1380191,8354005,3440896,497291,539636,257273,155247,128309273,780935,76728117,122771,383765,367142
MiBench,automotive-basicmath,1830546297,2898129454,8172762,870860,10.66%,465114885,6336988,1.36%,12373,509833384,7735106,696358566,15091327,433240800,5609831,2119210,15613472,5137863,522657,1172811,463449,188322,434718007,1140738,355582932,127377,609068,359080
MiBench,telecomm-adpcm,1285663434,2050908258,7061130,1283231,18.17%,149951296,4834650,3.22%,12353,130787682,5697576,308305387,17935787,162517775,6521114,2034496,14716390,5873452,931713,1233564,646041,377706,252828903,2037852,128349580,236531,172544,193979
MiBench,consumer-lame,1051860407,1694266127,7232921,586429,8.11%,146937322,5842218,3.98%,12077,143668598,6362512,441782660,16739797,154307654,6297465,2809147,10860448,4908300,708390,1124751,474243,205523,317496257,691833,155795945,71611,239278,205780
MiBench,consumer-typeset,980825491,1113762734,11048619,932852,8.44%,164734928,6885935,4.18%,14664,164492658,7301956,340913690,22663505,237029259,8764096,2692985,9564999,6968262,650949,1048402,317262,116792,252712840,927782,302187098,196858,326949,287257
MiBench,telecomm-gsm,1090788877,1719189815,8696616,769470,8.85%,134681213,6359226,4.72%,12437,139270185,7426970,495410400,14712197,145663294,4077840,2144399,10506991,6628487,664933,1080722,331635,112742,446226548,742670,130990311,105610,370849,321100
MiBench,network-patricia,971325270,1067909171,9418349,671265,7.13%,187247573,5403669,2.89%,14079,175207975,5534461,275987267,13066059,166271257,4757729,1690116,14287748,4511121,653927,879795,274000,158037,292220889,745782,174698579,110069,385808,298622
MiBench,telecomm-CRC32,1046659473,1588023159,7758274,562871,7.26%,263097675,5211168,1.98%,11803,252741804,5403780,420209495,13561285,233031822,4455411,2225484,10911742,4796375,725531,803875,190616,355929,490904075,1171416,281952124,135107,210126,205916
MiBench,automotive-bitcount,912662668,1506127667,6885952,331450,4.81%,215338156,4620909,2.15%,11807,254659565,4561528,121558981,11018689,87631835,4486767,2624060,13642551,5399877,607779,798854,321439,136870,169968165,819475,80826978,95764,278986,257750
MiBench,security-rijndael,757445379,955835183,8860904,518208,5.85%,101392416,5577044,5.50%,12371,94356315,6489685,218105407,15255780,105232461,5272084,1629911,9718694,4759202,653533,767315,213377,157252,334278583,530536,120106579,103211,251544,292397
MiBench,telecomm-fft,742148365,1006616164,7525222,557545,7.41%,124477801,5878148,4.72%,12582,103301980,6432121,208067271,14638407,108064757,5263289,1701816,10528848,4678455,603950,742637,222218,205171,187085527,649483,157629318,75767,302844,236158
MiBench,automotive-susan,727516777,1290842855,6953750,397400,5.71%,99724174,5248556,5.26%,12440,88964050,6094409,205081984,14276492,97400868,4927937,1609844,10331841,4318571,612102,831978,157542,163586,332585599,591869,50177753,73150,215250,220506
MiBench,network-dijkstra,761779339,1022616546,6159760,416988,6.77%,164684481,5275772,3.20%,11822,99935568,5827522,167922695,14842949,106548208,4982807,2367877,10648942,4450066,493993,703273,297832,142721,142613021,920573,62855242,99701,240860,228978
MiBench,consumer-jpeg,784854211,661068001,9999844,616022,6.16%,113210835,6117393,5.40%,11948,110505638,6298331,174899160,14998884,109067761,5121141,2371443,11258911,4140857,467060,786230,326353,137826,198617009,978030,110596232,155924,514523,459742
MiBench,security-sha,646249152,555546722,9405378,563215,5.99%,96311726,5225470,5.43%,11813,88313012,5857394,185459387,12817759,92732709,4518905,1218791,7824660,4105673,510788,701040,182593,158273,161154819,521838,90343554,122259,523040,395629
MiBench,office-stringsearch,594639707,510517064,8704615,393630,4.52%,86706850,4695700,5.42%,11912,75496347,5150987,162292320,11569775,88606556,4202154,1528928,9349658,3657387,508385,628935,150147,209874,139331027,912715,84313560,134427,481382,358251
MiBench,security-blowfish,668959135,569831985,9181747,500770,5.45%,99310532,5375579,5.41%,11817,94576100,5991753,182578298,13621654,103086211,4822055,1776956,10133468,4196366,417822,745202,195427,166820,145206501,901277,94715499,144055,512335,417567
MiBench,office-ispell,816622982,711146011,10513607,619588,5.89%,115300989,6142638,5.33%,12022,106712394,6093890,175150998,15352963,112271212,5194800,2473351,11830322,4840309,403110,664832,266909,120083,142103907,886724,94881701,140545,476237,469846
Misc,salsa20,17171506281,45181284712,5248680,301757,5.75%,1599285387,4216171,0.26%,11790,1595482772,4107426,5050842990,10836764,4444427526,3609956,1736852,11523717,5224245,723543,1068263,297545,293165,4940684789,1178204,4472449773,60816,162986,151633
Misc,ReedSolomon,13665061682,39175776363,5882621,440412,7.49%,5476675085,16110152,0.29%,11777,5464974366,16643184,4868738626,10710291,2049242825,4483889,1791824,10306880,7516744,878516,1083001,203523,104954,4870980311,379835,2049203564,51006,346417,160718
Misc,flops,16790458600,22411197975,5548471,341124,6.15%,1009872071,4248432,0.42%,11813,1001376102,4725437,476050945,10657634,78949399,3750613,1657530,10459753,4723344,776384,1141329,533387,340593,545307288,469748,38906415,60015,224604,165088
Misc,oourafft,9641746786,27360631096,5777020,398272,6.89%,657027090,6939283,1.06%,11830,649069199,7351178,4182516600,119214739,3402417416,12916087,58521629,10942076,5557612,837771,1223574,463422,230442,4057863926,525060,3458057675,59928,210672,163206
Misc,perlin,6489872124,13907530662,5659592,378178,6.68%,949046615,69747769,7.35%,11843,947079901,70192019,2643950045,11183972,586972927,3894415,1941715,15101352,6247652,925132,1172890,216331,210899,2607041222,613418,597802422,75405,204869,180261
Misc,flops-1,5003929445,6591026133,6148491,547744,8.91%,399880875,4546587,1.14%,11807,393312621,4548543,83408442,10653597,79836068,3766197,1815408,10909749,5132097,847088,1019800,358049,239962,151235884,858124,39123247,64126,176785,173095
Misc,flops-7,5003636280,3787793574,5609261,335439,5.98%,236633968,4184307,1.77%,11825,234286337,4545364,79959572,10382988,80073990,3737184,1752605,10271829,4450905,605071,1027959,585513,269299,185776726,860183,38361777,52443,223105,171319
Misc,flops-3,4907812723,7661091230,5165845,406314,7.87%,398026254,4568813,1.15%,11818,396674240,4667580,65821930,5908964,78649762,3653394,1681103,11026990,4655506,781362,1088053,584159,233697,170248191,684091,42316983,57163,180196,154460
Misc,fp-convert,5243263104,12132137234,8760339,411908,4.70%,778124830,6252356,0.80%,11795,764835949,5894992,2397156248,10838953,631388133,4103163,1933107,12694921,5785741,945128,1394650,160688,154699,2220667551,1040402,609451212,128901,486865,378813
Misc,flops-5,4517601540,6442679517,5898237,553567,9.39%,240789365,4674953,1.94%,11832,244747689,5009384,421083680,5845535,76955135,4105234,1516033,10908303,6651344,928213,548978,143386,116704,434588341,392872,37571194,53211,186842,168908
Misc,fbench,4534655675,7066178674,5763126,398904,6.92%,1073103258,4418374,0.41%,11823,1068991886,4891314,1859174405,10822111,724134573,3737430,1645650,9921554,5423605,730007,1200281,577690,238317,1715128581,526841,727399219,55008,239958,175517
Misc,flops-8,4461697812,6668878983,5886482,533876,9.07%,241052886,4638422,1.92%,11810,242027017,4870120,434675672,14668195,78426962,4235533,1647604,10411917,5517502,733697,988795,465154,237169,438902402,426025,37637093,52396,218119,171209
Misc,flops-6,4284303281,6522483970,5726549,439070,7.67%,241127129,4687749,1.94%,11807,248277718,5108727,427889220,10706399,79450628,4011638,1519545,10313236,4648453,748303,809177,259652,199750,456344535,566335,38811374,53137,198433,176108
Misc,flops-2,3289141019,1890094091,5685286,389821,6.86%,178935298,4388956,2.45%,11781,186292179,5131579,96642030,11231493,82752165,4359860,1753409,9637881,7789874,809658,994456,287386,146748,112482593,448211,38159877,52408,212407,173117
Misc,evalloop,3176110759,2348175648,6108421,375023,6.14%,918823389,31600122,3.44%,11787,904325155,31963712,1000334898,10811214,501363419,3898912,1718941,10661056,6643005,865684,1256820,353077,143930,904661194,499193,503028479,52827,236159,184810
Misc,whetstone,3043005524,3491261190,5989280,441251,7.37%,531432253,4305608,0.81%,11786,577830602,4605479,1129087849,11215146,423224091,4099349,1687114,10242420,4503349,708529,917123,406777,225007,809781132,922014,286457685,81520,246377,177836
Misc,himenobmtxpa,2880642838,2510089070,32609771,1045300,3.21%,120143806,4847169,4.03%,18988,126041070,5468441,1634230400,372684220,126291772,25654349,28669376,9312445,32887461,4834750,4772661,1127749,7482895,1366755028,1710975,131873370,301627,192158,176247
Misc,ffbench,3261654456,2627111997,133747522,318932,0.24%,273693360,6890569,2.52%,12056,276557874,6976949,497609007,264844972,371685488,151578649,59862476,12985845,126339043,661669,5431006,638320,185159,477543439,1164354,367293885,154114,518648,438851
Misc,mandel-2,2612638477,3890799951,4023529,269778,6.71%,572260577,5546639,0.97%,11830,567510986,5962287,106727738,14011262,84172189,5747189,3614084,6571046,5412625,194918,614055,81493,11916,98958494,513838,51878176,108549,163985,173044
Misc,matmul_f64_4x4,2557331153,8010819142,5635258,355153,6.30%,233145091,4493953,1.93%,11818,236132606,5110483,1971550043,10785508,847861761,4380526,2783185,9335127,8074738,907444,747821,116228,24836,1948715037,434261,912217081,60743,203243,174011
Misc,flops-4,2595491530,4010131178,6637788,565029,8.51%,245030231,4732803,1.93%,11781,241022329,4845316,102603728,11159209,78404906,3712721,1489304,8983966,4385599,687216,1038638,439401,209160,138134639,534522,43849380,71170,239001,177668
Misc,dt,2585605935,1071220366,5657760,302054,5.34%,114761008,4513396,3.93%,11832,111612299,4420833,396278225,8285845,223924423,4401037,3043106,11245463,4992519,687724,1003854,278009,159884,421303684,1307025,206474325,70418,196466,163943
Misc,mandel,2497649988,3934809969,5641754,424803,7.53%,494108011,4437857,0.90%,11796,484454034,4619219,729414759,13972792,415718898,4107932,1768399,10351270,6161624,836271,959469,187191,107189,748322956,411367,426282246,57142,211628,180815
Misc,richards_benchmark,2477081345,4866619659,5393747,301583,5.59%,1045819413,15517082,1.48%,11810,1026932262,15557816,1634581383,11606306,987676293,3941127,1830337,10658872,5037260,712096,955144,483039,172900,1289567821,1560516,949803081,88496,190759,254110
Misc,pi,2433349928,1885676590,8767916,348854,3.98%,171681223,5667970,3.30%,11775,164162667,5619868,100498560,13249050,95189236,4407431,2115432,11558984,5135754,405853,1152216,426406,272733,230930933,1419006,95261608,107081,469930,367588
Misc,revertBits,1112336765,2433654642,5820380,281051,4.83%,173902459,4307406,2.48%,11812,172442910,4498248,163680830,11286586,137880739,4788555,2229059,10932162,4438223,522861,736626,413150,173091,156156143,916624,77183301,75462,216750,193942
Misc,lowercase,616701273,518963525,8083410,475373,5.88%,91481181,4891261,5.35%,11805,83280993,4603337,133644697,11925642,87488118,4064774,1881463,9931212,4136578,427049,650199,231969,173091,140831748,1205217,82628829,122948,366932,335342
Misc-C++,stepanov_v1p2,20093348731,25316734389,5072507,285906,5.64%,6197991534,7509025,0.12%,11888,6221224242,7459408,6715353026,6019023,78443876,3640736,1918675,11812554,4885468,393132,1066845,627521,387149,6546932807,1227615,49704005,58160,169587,142968
Misc-C++,sphereflake,13555168632,16752257990,7065666,445011,6.30%,1585796167,24813335,1.56%,13579,1580868713,24747379,1829203055,20004645,198846822,3938312,3686228,11828970,5870434,579818,947513,829435,361787,1842435649,1339602,185367935,119533,180589,151405
Misc-C++,stepanov_container,10358472702,5810370247,127278037,832002,0.65%,1359490456,117303763,8.63%,14984,1351783126,118787874,1475711339,213014533,733840164,71796944,32864784,10991495,117234951,736829,5885443,753154,1137648,1401750870,80601702,694285590,6107660,374290,231043
Misc-C++,ray,8859459306,14067634672,8524899,428978,5.03%,1140409948,13066137,1.15%,12450,1123469209,12474826,4619240971,17428588,2256101340,3746214,3090459,10972922,4917829,423688,1638753,880007,438753,4175097166,1445327,2223047976,143182,467257,365836
Misc-C++,mandel-text,5270404745,6298021435,7348272,568980,7.74%,797435996,6052148,0.76%,11877,795245139,6105483,100732853,13823037,79264747,3774824,2064820,14124583,8180245,979286,1319210,265593,55125,184169622,625960,90752528,99798,548259,383715
Misc-C++,bigfib,1595224992,1219951985,15652841,4574573,29.23%,196307578,4782038,2.44%,71574,200084695,5783477,370774585,37818112,273153545,17626204,6058016,10316136,7911423,884726,5677071,2203625,355726,360160650,1612399,295377963,584315,317102,281673
Misc-C++,oopack_v1p8,945123664,972925724,7758568,403241,5.20%,159169808,5061534,3.18%,11887,165328495,5387881,478257664,12696839,96078323,5026267,2501747,9376527,4525107,662049,889071,255016,165002,345748116,416080,43492442,56257,257840,246814
Misc-C++-EH,spirit,22862343874,28021480182,4960554,365773,7.37%,6212211383,156567121,2.52%,12031,6206295499,156164743,9050253968,6196189,5054066299,3765696,1838732,11783587,4446384,721466,1070286,774601,391254,8808873902,5416817,5029808936,58207,60875141,179669
nbench,nbench,4597030765,7786534279,6156543,384313,6.24%,1109538121,43971064,3.96%,11953,1109565857,43922310,1785081075,57100606,621277779,14270480,33020292,9748052,5120103,696786,1521148,436134,238210,1803898645,1604749,724246865,65594,236643,169187
NPB-serial,is,27991867767,12076611392,75832409,45869071,60.49%,920441703,4682021,0.51%,79366,935069024,4785366,3210780906,424768431,1808251423,254447455,64394508,11629403,38268531,22054718,36820822,29541517,30713881,1933632630,3771742,1639157367,108113557,141540,220367
Olden,em3d,8645314972,19778771523,9311492,1555630,16.71%,7358068286,12236404,0.17%,23832,7356397279,12442340,4191759724,23413239,300924862,10214361,8269344,10410799,8158831,1357901,4097009,1197677,290566,3925180374,1330474,297081613,7452498,183814,170727
Olden,bh,4444201637,4382660753,10745402,266810,2.48%,391884456,13009836,3.32%,12874,399313562,13310956,1539803582,47300757,1109910726,4705342,4229934,10445754,11827838,591202,782378,347019,212299,1362942330,3739168,983846197,106126,298509,172075
Olden,tsp,2538767970,2676349142,11645470,2618177,22.48%,274847880,6735694,2.45%,28194,250559753,7014549,484572026,26737206,168019622,8812733,2434987,9137854,11548978,2715240,1785633,992246,1242363,600616072,866552,217451804,231114,215676,477621
Olden,power,3273708804,2320930335,8312284,425715,5.12%,198109866,4794564,2.42%,12031,188826690,5202670,290007444,12469654,152971102,5190859,2418603,12617836,5662046,626755,1305277,623059,245132,353455659,871203,153953623,94122,495762,366638
Olden,bisort,1772635194,1906433968,18500858,772543,4.18%,251169108,10338076,4.12%,15940,259924148,11525917,487209129,35880336,265851544,19480310,6245134,9030298,25429608,862254,1229216,381318,169950,397086450,6536015,245396937,685152,205411,226377
Olden,voronoi,1541219846,2039304017,12765683,2788503,21.84%,308441707,7625979,2.47%,44570,320816239,8253225,503880731,24765851,292516562,10660286,3910025,10591531,6917997,884078,2490010,1518474,313427,471574637,1439977,303231895,335823,301054,366051
Olden,health,1660985353,1627715078,14644183,2859703,19.53%,304103572,9708447,3.19%,28787,295135655,9914955,383677340,34209739,266814539,16000817,9094163,13573823,11206867,3711859,1686863,1005994,4646070,333962548,2440323,235436669,356901,511224,524756
Olden,treeadd,1312192740,1959446049,10998562,3617786,32.89%,323246365,5275142,1.63%,44579,309885021,6254381,392703993,17368860,325809280,6505806,1493637,8753312,5574499,773154,2546672,1962028,181213,395292213,1089284,379556908,259586,191485,343794
Olden,perimeter,1320294713,1503162253,10173247,3438442,33.80%,317163311,7289045,2.30%,33646,307512851,7543428,338706545,16999133,236146448,6077291,2203682,10665274,4992578,748142,1954744,1089902,817414,271667321,1381646,180760061,269230,205158,218306
Olden,mst,807109554,806774958,7964346,1445543,18.15%,120188374,4348332,3.62%,18189,99178668,4645213,167350889,23165059,88725527,4046045,2478724,9919700,6597349,754736,951567,570153,205148,161472665,799426,127411180,216456,318084,264637
PAQ8p,paq8p,87036871567,149754570383,406039440,58503501,14.41%,8955101533,315748262,3.53%,94427,8953438115,316064300,25852923318,2404656022,8374993660,1434554228,800308100,20862125,393153953,54921269,4505666,2413847,1117302,25791885364,110924455,8489027856,6225376,255274,819658
Polybench,3mm,73265110472,20239361568,3242861787,2301747,0.07%,1704308911,7636692,0.45%,26686,1708727304,7990999,6594432621,3294271086,3332766011,8247027,4167433,13000480,3234795812,2091842,4857645,1941679,1091062,6704767409,3214674333,3318146600,692680,209072,189750
Polybench,2mm,49227682345,14841849092,2174101374,1707273,0.08%,1174725503,6871365,0.58%,22610,1194797305,7363852,4470962579,2198160663,2266709682,6881508,3579025,11618149,2163110286,1690332,4197416,1322856,487099,4453930621,2155909402,2245495348,499258,178454,166702
Polybench,gemm,49204888103,15931206333,2171953308,1888000,0.09%,1201043281,7310247,0.61%,20570,1210976977,7450020,4469176889,2206129516,2249441571,7926732,3612555,12660491,2141076129,1851299,3528064,1713451,267177,4480327019,2161128625,2231447827,282289,186780,157070
Polybench,symm,43314359544,6762389325,1628614249,1811173,0.11%,646195711,5700324,0.88%,18510,651997434,5953552,2838114518,1856606964,623924400,545576089,2179732,11597863,1625051628,1567508,3440625,1094216,448795,2852955649,1482455182,625238201,87466870,162011,171600
Polybench,covariance,19800347759,3521481239,133671545,711411,0.53%,335462860,4883912,1.46%,16250,335048267,5314715,1119097590,1166469349,593702103,4687685,5300375,10532922,130272279,1104626,2729612,1500947,665796,1234768333,733733760,668632968,614505,185796,170256
Polybench,correlation,19925558470,3771535743,113937088,846345,0.74%,348611515,4878790,1.40%,16278,335961438,4722471,1112761494,1164885206,600896431,5903598,5814016,15121850,108147557,733229,2778045,1028700,321900,1276603710,713412237,618327515,681433,419111,343031
Polybench,syr2k,14325059124,29104216694,33557274,3156994,9.41%,2264034244,7017987,0.31%,20555,2290092583,7390225,9061565571,674274991,4495273443,5174799,568088170,10852257,35325546,2736018,2407045,906295,7083915,8793591863,9419320,4417078792,283656,194640,166602
Polybench,gramschmidt,13637692679,7116592668,288237152,348674,0.12%,1289115349,25339525,1.97%,13955,1286625016,25375194,2145239937,298764961,1262700729,73385014,2278440,185569454,265445431,691156,1339518,1533333,421236,2155141488,272216498,1241181916,16088110,192677,6281432
Polybench,syrk,7434362571,15329025535,11086487,518626,4.68%,1206572726,6836602,0.57%,18509,1211600307,7005877,4715032224,296997560,2365649102,6879584,256589602,14265842,12242191,2056221,2037104,1069918,357966,4451522380,5090728,2306833358,61109,195791,155348
Polybench,fdtd-apml,9301683679,9061810503,7282945,862338,11.84%,1740802367,33572218,1.93%,17766,1744903400,34074229,2604314077,34192382,1587644649,7996485,2160755,232863614,4716909,619937,1419630,1482581,312735,2411212350,32765167,1504004520,5883494,676867,7269825
Polybench,floyd-warshall,5977877421,15823896028,89098355,499287,0.56%,1224770519,6664279,0.54%,16445,1242385146,7007723,7460130000,299766634,2434822163,286174702,271843544,16487044,103467681,795725,1410408,786887,347203,6003125290,4829498,2288639758,244786,490088,342423
Polybench,adi,4810485158,2964316871,15263883,2121879,13.90%,254316614,4913843,1.93%,18494,262058031,4829673,901386647,118470695,342853991,46903491,88216853,10385122,18099864,3335698,2084000,1411982,11512376,872273086,2609845,426122989,343552,173996,167825
Polybench,durbin,3983676717,880051721,95005549,9173800,9.66%,129326960,4450756,3.44%,74902,125793387,4859049,215025400,149176887,205909051,48886583,3582307,14064469,54903131,1059108,22801250,9788020,4480437,279010991,40170004,180183351,23648761,218058,244510
Polybench,doitgen,3250398197,4221042898,7067403,815190,11.53%,379602447,9329972,2.46%,24689,385718918,9922405,1380794132,696290361,679000272,6303457,5259282,9748103,5920846,900161,1868208,1219195,790770,1217976113,1109578,843884776,332846,196719,186972
Polybench,fdtd-2d,2443180136,2767956818,54937629,7593134,13.82%,203133689,5333019,2.63%,24089,211274434,5505923,946126376,138914179,389389687,50841038,92279412,16114870,81544199,10119299,2795580,1358160,3428297,791113871,2534154,290990383,467835,207524,221009
Polybench,trmm,2577899099,4578561216,12677129,1603526,12.65%,380028144,5758377,1.52%,16484,399144818,5731328,1471125201,92751429,708626321,4181283,78633859,11123462,9691981,553573,906386,886475,294487,1048852371,2673070,616504563,178125,167273,162105
Polybench,seidel-2d,2432177247,1631052514,6695299,547475,8.18%,122857274,4471780,3.64%,16272,123089053,5029010,304784220,22302059,243672156,12154444,6747015,13466418,5425450,828888,1305433,679317,255726,254403562,1125301,103646484,89170,237117,176598
Polybench,mvt,2943684549,1641455659,64363938,8857660,13.76%,220942404,6953920,3.15%,43683,194016926,6762095,281790137,112413431,253374005,9385881,26741052,22310584,54290961,7986615,3004207,1538597,404440,353588681,26042438,228146298,1023281,496504,454029
Polybench,cholesky,1977805377,2682399652,13657361,654566,4.79%,285137802,5997447,2.10%,16456,303697452,6649942,1132349904,70538902,91373446,5238763,50543384,10609832,8846275,751447,1668132,979206,339425,630397578,3707776,162226212,106061,199941,197982
Polybench,gemver,2027029333,842296902,43216254,8079288,18.70%,144086145,4619368,3.21%,74921,159754631,5258640,386157511,57228419,213277376,8440627,8987199,10192742,23771481,3441761,4253667,3502763,1127082,232060669,21256681,141645794,1083630,231144,268565
Polybench,dynprog,1758345582,3697181829,31052711,390709,1.26%,420925200,6700531,1.59%,12480,418505526,7466257,1298728542,71007959,580394390,49418327,22569812,8515684,22536012,749752,2444512,248915,123155,1177951054,479234,642751760,65491,260496,207737
Polybench,gesummv,1399219292,1001833240,13211118,5027453,38.05%,144723233,4396709,3.04%,74868,171538839,5674916,340675575,19848713,179925748,9132556,1583884,9578702,6510802,1279850,2926092,2160037,5087053,346909338,1843844,202319934,863774,253928,281634
Polybench,jacobi-2d-imper,1198184621,1464512214,22206055,1471547,6.63%,130522444,4766657,3.65%,18200,140460703,6002188,241574332,19545279,156499432,19951487,10084721,12709646,15034370,1750780,8388239,1195790,515600,216328382,1089191,112962073,435707,172233,175408
Polybench,bicg,1144340960,945117440,9199993,2455869,26.69%,129794972,4597111,3.54%,43636,126340453,4999334,375069161,25133520,179147818,8866499,2418858,11264685,5107136,799383,2561205,1726039,224203,162336064,1679888,135164049,809348,308653,264699
Polybench,atax,1256660311,1213276966,13321926,4317016,32.41%,161833343,5320465,3.29%,43653,165595688,5713837,209629286,19286341,163469783,8378178,2535556,14215898,6181146,700216,2462252,1701275,206799,188205231,1461021,153000476,687037,471072,421041
Polybench,trisolv,1041535699,834356858,10891584,3507299,32.20%,129326928,4768883,3.69%,43644,107991652,5678131,198968107,15674578,130933969,6897015,2085571,10497994,4696922,802822,2270969,1496724,229405,137780870,1152090,103220624,1003397,212387,233682
Polybench,reg_detect,776399808,725321272,10625458,842085,7.93%,119104444,6549894,5.50%,12345,117060094,7147789,228182557,16088220,118345085,5646376,1885589,11361217,5661952,514457,822952,245911,73236,389378453,726012,315548243,104644,442004,417006
Polybench,jacobi-1d-imper,638273133,558460758,8814738,469046,5.32%,87304850,4766497,5.46%,12477,87622768,5931763,158307923,12719363,90338435,3956058,1192766,7603743,5188223,517519,884777,246430,167498,158133537,883587,83453986,128030,460756,372141
Polybench,lu,1117424316,803201818,17309350,446998,2.58%,145215378,6679853,4.60%,12431,136745133,7157884,252696251,22074259,138555333,6678904,2451964,14167147,6964903,620230,971083,305098,157974,201860883,1157737,98091526,200775,1526210,829248
Prolangs-C,gnugo,798691853,1157525539,5824010,320301,5.50%,169489790,6518286,3.85%,12388,114471757,5992041,168908156,14992949,109571705,5039029,2373875,11775327,4714222,570879,661221,355826,131997,136908931,725927,123299467,84320,246439,216425
Prolangs-C,timberwolfmc,600703906,509308286,8484972,492480,5.80%,89464993,4898880,5.48%,11962,81950027,5268248,169047261,11928435,90745528,4313971,1446450,8742635,3642896,482248,654727,162028,126560,142512988,826432,86333743,142053,423572,384334
Prolangs-C,mybison,621726285,532915526,8622690,658310,7.63%,93690773,4960689,5.29%,11956,86304384,5264260,164395515,12413787,92306997,4339671,1334576,7959534,3871456,505244,728881,310002,112731,113325865,736960,70545434,114890,485768,363079
Prolangs-C,unix-smail,740660838,628481056,9730019,406307,4.18%,103962022,5442917,5.24%,11980,94953657,5478962,159691888,14226942,102102374,4834510,2288007,11542474,4718507,363789,836950,222337,173626,157357341,1275239,95549184,138391,423911,376744
Prolangs-C,agrep,745825993,623370922,9446301,474955,5.03%,109214722,5857517,5.36%,12368,103824271,5902232,163003285,14942545,108740307,5000122,2333756,12394799,4580352,302872,738251,324180,173208,154400955,1137246,95133905,163984,517185,448155
Prolangs-C,unix-tbl,1052014960,743930593,16382831,463925,2.83%,139757177,6317730,4.52%,11838,126523350,6873973,238731592,19170464,131381658,6241124,2217297,12042641,6945751,570881,814688,261918,91799,176971231,1207141,105379246,198551,1209081,770664
Prolangs-C,compiler,617019042,518831212,7934972,498796,6.29%,88604628,4769020,5.38%,11785,83754135,4916693,136757857,11948292,86564433,4005086,1899043,9083314,4086996,379099,638077,228884,126391,119903966,1103897,77893237,168013,367055,331520
Prolangs-C,allroots,583631259,501142573,8002876,408238,5.10%,82851476,4472501,5.40%,11795,85201756,5461924,165762617,11615722,85561088,3808586,1186405,7268863,4385807,426204,618321,135917,183839,172693017,809889,78120845,110766,327620,396449
Prolangs-C,assembler,623400667,529510214,8789219,696315,7.92%,94655014,4997355,5.28%,11830,82386309,5082199,158821745,11698807,89121548,4231324,1309670,7697842,4094091,465990,707422,322997,97302,101599432,701886,67349172,110148,457895,387178
Prolangs-C,loader,601456069,508781552,7849600,363239,4.63%,84293421,4501588,5.34%,11822,79397776,4597712,132158591,11587441,83944975,3914082,1860202,8754971,3827915,393852,787101,151659,194448,139796540,1201144,80949460,120567,372976,332937
Prolangs-C,archie,634402835,544328022,8522404,484336,5.68%,87428011,4627459,5.29%,11843,84931097,5521827,149707975,12222412,84356337,3996736,1169163,7466506,3345739,486986,693219,192037,119719,120550583,755760,81326503,124195,369392,353860
Prolangs-C,simulator,618379031,525926671,7945974,412483,5.19%,80996715,4320272,5.33%,11847,81731699,5366737,170810475,11945029,80484241,3971475,1171144,6883534,4889774,520915,751039,192993,137718,153601544,829033,79314368,118621,352704,329627
Prolangs-C,football,588761464,510203923,7961993,467957,5.88%,80303352,4367008,5.44%,11807,75131397,5112047,173727004,12208776,82996091,4151164,1294619,7740835,3444794,491695,636058,168291,188641,153650129,854927,79497266,123347,401498,365901
Prolangs-C,cdecl,610708396,530345318,8542247,616298,7.21%,91210969,4724565,5.18%,11832,78242616,4947379,154023461,11598029,87778308,4066944,1447523,8120346,3552431,470902,720847,229474,177704,142240299,809352,76508941,116961,447142,340120
Prolangs-C,plot2fig,574623461,489096247,7441811,502019,6.75%,89372659,4903852,5.49%,11837,86892856,5055898,159011252,11897623,88974620,4160852,1301581,7740991,4679796,529067,725077,281168,78962,110493265,692566,68818589,130076,390201,343116
Prolangs-C,fixoutput,572306058,486628039,7621052,539052,7.07%,90006236,4993116,5.55%,11795,85505184,4913068,151919072,11313618,87547064,3976836,1750254,8657511,3660816,408932,725814,362587,176739,141839881,987639,74917468,119849,279793,460937
Ptrdist,ks,3454493520,7638055221,5550777,400872,7.22%,2314671935,11390979,0.49%,11841,2281078023,11220484,2022314981,16283268,79985208,3723578,2925644,10407735,4897109,664999,1417525,516211,273130,1707674579,4661761,39273042,64611,201146,167434
Ptrdist,ft,2538587611,1336407780,16761555,669805,4.00%,265787720,5218729,1.96%,14808,259042398,5323364,470033454,199351576,104686919,6129424,95610008,10790770,15682068,703582,1237866,929436,308531,369438102,7222113,56219979,102177,148908,176606
Ptrdist,yacr2,2525295827,5364071412,6007357,458931,7.64%,1468760465,17500899,1.19%,12794,1561432880,17539116,1175109942,7932078,407668977,4681972,1724502,10945723,4858542,793342,1459637,399959,211632,967091808,566169,91759594,66144,194736,173471
Ptrdist,anagram,2761623802,5519858034,6633525,541548,8.16%,937549207,30472784,3.25%,11902,935854089,31637717,2251068890,9876073,361034597,4427026,3500507,10830152,4964133,644415,907538,417869,262849,1946889978,1237752,358160229,149366,242367,257767
Ptrdist,bc,2145736945,3422314820,7774601,764319,9.83%,642646929,14169370,2.20%,17268,636128855,14187280,831671956,15307755,453661811,5063136,2289095,14138035,5007878,575547,1447182,667646,263606,635149713,1426233,466100023,146992,1389785,376967
Rodinia,backprop,2773472939,2484026077,289371122,349327,0.12%,213118432,4340507,2.04%,13549,214003076,4493482,555813064,282294258,258717919,171841229,24232099,11385944,241920346,682850,1552980,575537,170777,530664557,5096872,240328792,176433,188434,174062
Rodinia,pathfinder,2274738365,3649524898,10345721,4786000,46.26%,405793514,4905491,1.21%,61179,421528089,4549018,691226524,18308600,411144620,7723369,5183859,11910656,5431885,1105447,3346716,2504035,2025974,525389334,1639334,407548555,463186,179229,233893
Rodinia,srad,2082574204,1828747924,12320540,2394691,19.44%,208619845,10328923,4.95%,26195,168281403,11725200,191532354,33791151,140195732,17340610,9499140,9895076,9735124,5659916,2475533,1517538,7987864,222848252,879191,185585572,202440,211155,192109
Rodinia,hotspot,2036156847,1395410483,24961895,461213,1.85%,126540983,4714534,3.73%,13329,133189436,5110803,339613522,48946534,146574350,19055319,16132896,12044232,12623873,595102,5068411,548644,163349,358159805,1499426,158340536,464118,549097,311135
SciMark2-C,scimark2,102698280574,228903962407,6295290,275301,4.37%,21220178556,106868544,0.50%,11844,21261200051,106950690,54486721352,2396819306,19887210176,1103263417,1722690709,11813890,5586369,459932,1373326,552857,592583,53943274633,1795369,19839583752,156837,306191,209995
Shootout-C++,Shootout-C++-methcall,13868562112,21199236013,3592798,316306,8.80%,7138540776,5099996,0.07%,11868,7179989164,6292419,9508092810,15242306,4585106144,6865070,4556916,8877703,7526720,676683,745697,88160,12039,9692328975,476834,4843946559,84747,149818,151967
Shootout-C++,Shootout-C++-lists,11478047079,25877034065,40310844,423564,1.05%,6109954339,12157064,0.20%,12012,6095879949,12076648,7455628496,308675487,3885925414,180709803,114146678,10101426,40164095,640366,3876905,724002,386810,6870780318,932363,3891839500,64131,190156,151547
Shootout-C++,Shootout-C++-heapsort,7516502961,4338680207,186598423,15013541,8.05%,918013811,90746696,9.89%,27507,908499221,90150730,659599818,269527992,310005196,111114967,88792326,11216939,177569465,13895046,1314314,588762,3231936,682508443,60989889,263531435,409451,200886,191963
Shootout-C++,Shootout-C++-fibo,6410848859,13982544214,5262869,258596,4.91%,2950319720,19571739,0.66%,11864,2930763060,19628331,2304468272,10449396,2926221502,3742954,1681481,9738579,4365618,522411,1004550,655412,337967,2163346275,971556,2965289835,59228,166152,166261
Shootout-C++,Shootout-C++-random,6270464974,4918987725,5495838,362661,6.60%,286945415,4497987,1.57%,11889,280942642,4084711,66824088,10908459,75781884,2890053,1241850,7639146,3713840,256778,1364119,454096,223317,171661175,2300180,97824743,252314,228462,192333
Shootout-C++,Shootout-C++-sieve,5239145179,3886456396,12129907,525010,4.33%,867794361,5744795,0.66%,11911,861317058,6021155,952169386,353528410,223384441,20586619,4086453,10600942,9813253,678123,1732941,662526,240457,920305936,733369,193597519,52148,215087,165182
Shootout-C++,Shootout-C++-hash2,5584509610,10820367911,8562239,399704,4.67%,2184077194,35804868,1.64%,12133,2171746091,36208953,2410510103,46327202,315202141,14383080,28129092,12709786,7990611,800559,1587897,511556,246623,2251869429,1730358,282922595,52909,777942,160876
Shootout-C++,Shootout-C++-ackermann,4283343087,6870848408,9795618,405357,4.14%,2271435347,6187177,0.27%,11979,2249743426,6794464,857943844,171663856,811274612,95222519,75750193,9319107,8836469,765865,2442162,300839,209593,819376920,909793,786780801,67252,173279,2532486
Shootout-C++,Shootout-C++-matrix,3491310639,9810362317,5551714,391209,7.05%,134549634,4616246,3.43%,11844,134059301,4347380,2553044339,11028293,214562589,3787985,1737442,10767246,4933036,697907,1415305,506967,213135,2418187725,609185,182865175,54781,178755,196246
Shootout-C++,Shootout-C++-ary3,2237983009,3182183805,204076929,447538,0.22%,279409741,4309446,1.54%,14781,275017763,4235840,977087405,214727580,481315413,104485818,68442906,11046217,166517928,732798,1746776,1025007,232859,800006779,4023681,500792593,248082,176103,167252
Shootout-C++,Shootout-C++-hash,2098852903,3116013251,14298341,1682906,11.77%,565608036,10794946,1.91%,32997,527059045,11851539,661238955,39343463,377531222,11961585,6807970,9481243,11868915,2867951,2282208,567060,4835848,651749165,1799054,371228707,207923,192706,204722
Shootout-C++,Shootout-C++-lists1,1237670863,2023255785,10511912,2503072,23.81%,327861688,5009434,1.53%,27520,265887561,5678473,544614304,21728392,345245118,8172908,4325514,7432625,6034528,1179670,1518301,1113596,3233159,435569174,1140855,312734676,388475,307507,286607
Shootout-C++,Shootout-C++-except,1078541291,1673890413,5915364,366594,6.20%,307391506,7207602,2.34%,11861,297756781,7689418,379106340,13952642,182464043,4817555,1669179,10559146,4770405,795733,806925,143669,158430,334799739,666993,220392563,72442,209445,197639
Shootout-C++,Shootout-C++-moments,1011318239,949858091,10668389,2119317,19.87%,132768478,5142114,3.87%,38047,144033674,6039032,211066666,16730350,120600505,4157050,1445063,8129918,6484045,1090774,2215339,491397,3750984,171044152,1199849,185975547,632039,251427,229195
Shootout-C++,Shootout-C++-strcat,892003282,918101383,9022973,949707,10.53%,209067119,4799278,2.30%,27137,144074198,5537051,209543366,14035025,176409576,4397639,1333468,7636782,5355423,722867,1092287,432744,262014,198254706,964806,138321907,280499,303082,288929
Shootout-C++,Shootout-C++-ary,850327043,527372306,9871473,3104855,31.45%,101135193,4613858,4.56%,29461,94488611,4999401,174395308,14274107,106309453,5770514,2661167,12818440,4950592,526303,1484355,1028337,196411,161296258,1556313,118252702,494405,305204,361659
Shootout-C++,Shootout-C++-ary2,815658337,507903752,9386029,3032616,32.31%,94318480,4361190,4.62%,29458,87917862,4557183,222996008,15601905,114913055,5565495,1865008,10669387,4789806,782731,1184344,997388,121866,153892630,1381441,109712956,478405,272625,318541
Shootout-C++,Shootout-C++-reversefile,621292680,519210293,7970261,403457,5.06%,89733255,4783839,5.33%,11900,83963696,4770652,137259834,12082573,86951919,4073455,1907558,9850162,4361374,394356,643922,271198,118188,128188412,1112185,80252359,126993,333411,351167
Shootout-C++,Shootout-C++-hello,651551095,547276557,8887943,528936,5.95%,97900101,5241157,5.35%,11868,87534711,5215278,168718087,12815516,92445912,4384406,1837606,8860109,3445951,377438,683443,371310,168442,142688590,1197552,87363651,129252,400105,369533
Shootout-C++,Shootout-C++-sumcol,881958080,773565711,10707324,356617,3.33%,145260632,6256671,4.31%,11878,130123711,6509723,187818945,16855275,120228962,5615243,2688616,13100114,4856469,551747,838482,169461,166106,205564124,932576,111090662,167243,675383,510018
Shootout-C++,Shootout-C++-spellcheck,608974241,522442106,8083788,391941,4.85%,88080827,4814560,5.47%,11896,82468163,4768109,111466685,9985885,90322591,4207688,1927203,9383534,4205420,424240,705063,235122,221434,126520501,1121344,86268903,129646,382044,330506
Shootout-C++,Shootout-C++-nestedloop,592662098,519542249,8216838,578735,7.04%,87448715,4833480,5.53%,11861,87744489,5593886,177286128,12368671,87721242,3553318,1113729,7053624,4536118,509647,551959,221753,100256,192921210,864561,79943085,120064,394447,368591
Shootout-C++,Shootout-C++-wordfreq,614286023,518781385,7740268,509581,6.58%,87028937,4785399,5.50%,11878,83457844,5122392,165978497,12693554,88362070,4322592,1622055,8668959,3434808,498062,649829,362319,136612,131761781,804490,68545477,143089,403722,344262
Shootout-C++,Shootout-C++-wc,618075615,517431277,7903502,549235,6.95%,92735278,4891342,5.27%,11863,89154302,4657991,133910624,11786563,87849572,4049826,1645693,9095638,3826752,467252,642379,203209,189901,151481077,815167,78300776,121062,339061,334227
Shootout-C++,Shootout-C++-objinst,927628095,669518303,13426280,597460,4.45%,116027021,6259573,5.39%,11858,110591867,6948268,235494861,16516643,116837545,5762387,1728082,10495152,6812686,557561,776444,199894,103166,196002100,1041856,94169303,172475,1283721,675325
Shootout-C++,Shootout-lists,13892612235,22645019401,4939216,354030,7.17%,3222186082,25505950,0.79%,11784,3213562478,25649868,6685325456,10556540,6618285631,3593201,1707788,11547957,4705489,453033,1175017,609227,518670,6410604445,1219849,6613527388,138943,166566,148635
Shootout-C++,Shootout-hash,13051566637,14777710904,176508768,16595371,9.40%,3197382238,42559642,1.33%,78788,3341403905,43451766,3611353316,352944326,1757072405,32999834,26794471,14987758,172878187,11437877,6627203,3108038,1853935,3360259760,10476633,1574699663,647845,6463577,375364
Shootout-C++,Shootout-methcall,11445152619,14841594873,5549469,424646,7.65%,5677073503,4791902,0.08%,11837,5677537347,5077693,7073306494,10864902,3488246999,4677382,1859207,13798232,9061935,932567,1322307,159200,28908,6900276364,757100,3485317980,90380,202533,174728
Shootout-C++,Shootout-sieve,10976144201,21409237113,5370335,335983,6.26%,6398895230,134342561,2.10%,11795,6374744260,134051138,1510531292,10421651,3380496257,3581669,1656295,10508779,4716455,674333,1057018,605175,216437,1516633459,1021632,3344936555,508491,146101,146791
Shootout-C++,Shootout-heapsort,7454373572,4374378423,187977417,14849783,7.90%,927971834,89388155,9.63%,27393,908370898,86421585,630984603,263479339,284266127,111233031,89660700,10174001,182488867,14632033,1112948,708638,2673165,697197281,59354624,255857477,412701,184369,173255
Shootout-C++,Shootout-fib2,6803435737,14382752208,9914289,403907,4.07%,3037814923,21716357,0.71%,11789,3021654928,21861846,2434200954,20711627,3036411443,4111598,1744608,11877897,4985890,663894,1604146,341175,243761,2212613311,1200923,3020760366,109188,548560,423650
Shootout-C++,Shootout-matrix,4643926338,11575114329,5686069,422416,7.43%,417659921,4404162,1.05%,11812,415425897,4780000,7073206261,10867039,449230385,3884630,1865031,11626852,5709648,928033,689052,83308,189310,6766677600,971242,437921218,57140,223823,169940
Shootout-C++,Shootout-random,5624415256,3464501959,5688112,336793,5.92%,281914349,4312990,1.53%,11789,279442038,4692019,81811959,10420667,79052497,3754891,1661625,10546323,4868502,724767,683837,282373,220552,164481524,915230,49914849,53605,213326,175099
Shootout-C++,Shootout-ary3,2234477825,3211005104,208623562,328705,0.16%,275146873,4267858,1.55%,16168,275873963,5021260,998770114,210160896,469863296,91929088,56974113,10066001,151831201,743318,3174698,889507,280264,914146288,4052147,502105515,236801,199187,172143
Shootout-C++,Shootout-strcat,1120657872,898937714,8049670,1573291,19.54%,176878869,4295563,2.43%,26461,170032174,4625220,192730021,15176011,109781970,5364089,4359286,10658543,6105539,853481,1271279,647527,252900,180560735,1030185,119678951,197349,228291,230896
Shootout-C++,Shootout-ackermann,609949978,513809850,8239245,473655,5.75%,88416661,4755298,5.38%,11793,85181936,5300270,169834526,12023538,89789606,4322123,1281706,7747808,3620115,484708,522443,166686,192759,160465626,823541,86746140,140155,525980,365720
Shootout-C++,Shootout-hello,567967545,482363645,8045089,429708,5.34%,86162629,4672894,5.42%,11779,81607973,5078994,163643348,11458027,85701874,4145235,1335145,7979256,3375287,474691,444026,127418,186786,155584352,922450,82782350,117168,476735,353021
Shootout-C++,Shootout-objinst,595624800,514056064,7885428,448612,5.69%,84086232,4664432,5.55%,11803,81948226,5347036,171256828,11930293,81642200,3604503,1102995,6916650,4559358,472632,702786,200993,160052,158966362,844419,79559874,118620,374897,347965
Shootout-C++,Shootout-nestedloop,1108800771,991522635,12678041,300628,2.37%,182628439,7590094,4.16%,11819,177037334,7537085,275231560,25530464,161783042,8424060,3613526,21922283,6713240,420929,944912,319944,119174,185630322,1305267,118854829,214267,852513,656686
sim,sim,9839641913,20269308546,6848361,372692,5.44%,3356684866,99716880,2.97%,11980,3355677229,99721630,7580272334,96883067,2622318378,69846212,71534424,9929180,8250820,912565,1277460,218129,43927,7537936802,541180,2648664240,55145,191595,159209
SmallPT,smallpt,20503673327,29909234413,5785254,428255,7.40%,3246150257,117075460,3.61%,16485,3242361382,117831451,7091067776,12066351,2044053015,5330793,2209033,10473057,7919353,1113315,1806675,910548,113014,7008376003,1086486,2040649672,120400,17392242,303800
Stanford,FloatMM,969953906,1173437362,6720933,654074,9.73%,109326879,5523858,5.05%,11805,111970718,6153096,310576036,12553119,112073377,4021967,1331631,8080606,5864669,612353,890080,273500,50080,312425930,430622,83958215,56697,223686,197242
Stanford,Puzzle,825372124,1184074480,6986409,374964,5.37%,289905098,6788402,2.34%,11814,280499814,7304696,259061546,10777420,86845903,4135163,1710954,10736919,4904414,508463,819597,166198,231410,203431570,1065927,72331231,74841,316112,246505
Stanford,Treesort,850141821,741958279,7221749,744996,10.32%,140258200,8984016,6.41%,15691,136268743,9653976,188029976,15853396,110835629,5082733,1463767,9557083,4933233,695257,800578,190280,206237,178634497,1761072,102312767,136507,533665,235105
Stanford,Quicksort,890460769,831804772,7481001,386527,5.17%,140009454,9822112,7.02%,11813,121668659,7192258,197980360,16549145,119415888,5705276,2501535,12879617,5301248,569584,727441,237360,137066,161204181,776223,93038420,113721,460440,320055
Stanford,Bubblesort,865049764,834298316,10788348,544983,5.05%,121803589,6657704,5.47%,11793,113631398,6840210,190874698,16833843,123337671,5762661,2697127,12698210,4981468,403465,823023,226947,129803,185290515,1059833,154863343,135858,468262,455677
Stanford,Towers,687087337,568308964,8381219,582290,6.95%,97795433,5171661,5.29%,11856,91594212,5223917,144947056,12623180,93476592,4396302,2015541,9477999,3903588,552053,731682,284605,142793,222940576,663543,259534110,119020,445456,356705
Stanford,Queens,675228404,555710847,8309064,548080,6.60%,91896364,4883133,5.31%,11820,86527595,5213539,167703374,12566157,90374432,4396550,1452622,8545179,4134212,533134,762812,248002,153199,160922744,416023,184087753,124594,430600,346655
Stanford,Perm,708288853,589036685,10207984,763433,7.48%,108735910,5818388,5.35%,11814,96691421,6155327,197755530,14023790,104340864,5016673,1703764,9665336,4240181,397140,647963,159507,141861,292743779,613154,152082929,129256,556086,468660
Stanford,RealMM,579378412,496430862,7792099,473146,6.07%,80469560,4425159,5.50%,11805,86936378,5286113,162644625,11603768,84732713,3157478,1044813,5865978,4494682,465686,541526,160979,33322,150042525,781070,81899451,139993,462986,341997
Stanford,Oscar,628668267,523533910,8556299,559570,6.54%,96342646,5114441,5.31%,11853,86726076,5042067,162019939,12197474,89858669,4229593,1758698,8958805,3374562,400777,708318,337057,181529,161331020,1031621,81317185,124401,384733,353614
Stanford,IntMM,630124100,525539718,7994697,454099,5.68%,92033478,4848553,5.27%,11819,85528726,4785106,106875984,9933534,89108249,4053343,1899100,10452016,4277025,410513,636865,291069,162451,115757572,1035313,84246770,128751,428244,345986
tramp3d-v4,tramp3d-v4,1257246344,1803433409,13188036,400046,3.03%,185873824,5780897,3.11%,14948,178254659,5960082,429033830,35447821,152815526,12519121,17031501,13057629,7166214,516196,1668659,483448,205349,294152260,1285172,128915210,217339,306985,236390
Trimaran,netbench-url,10580959873,8090500851,7593384,382692,5.04%,1607364343,5379080,0.33%,12057,1600420077,5456215,2415919500,83957281,79637294,3708017,73097219,11200750,6974971,667672,1464513,644987,298410,2413130087,845439,101953831,97024,313219,222445
Trimaran,enc-3des,5704280129,10577200014,5311499,436990,8.23%,99254315,4480040,4.51%,11797,99732825,4422702,2549814078,10643844,163956072,3658664,1905169,14038685,4905447,700808,876071,525854,240657,2304023162,713894,142518991,58811,150798,150854
Trimaran,enc-md5,4730208336,7899506405,5515262,375954,6.82%,104792194,4571539,4.36%,11811,105945554,4800108,581608596,19271914,329688368,3995803,8983243,9745444,4554810,731576,1128481,446240,220706,577571626,525608,307613530,56976,173054,156659
Trimaran,netbench-crc,3196985694,2558956748,10860947,4179726,38.48%,230311097,4819036,2.09%,67863,224371259,4885537,653479576,19476740,142984697,8575236,4360212,10906545,5144024,889117,4287324,2306503,454249,625195555,1377145,104699721,507909,202506,228577
Trimaran,enc-rc4,2946706884,5641689550,5294320,317537,6.00%,422387873,5680562,1.34%,11798,415945786,5722282,1279815798,11248533,833924024,3807254,1776535,11072585,4750692,706256,881632,249677,171444,1114127023,1053001,840108674,76927,184649,152838
Trimaran,enc-pc1,1920028073,2359671236,5398455,479094,8.87%,101535396,4554549,4.49%,11776,106919811,4785543,440142320,7338514,350157541,4319918,1486868,9717910,5215241,717415,909896,190727,107179,434553033,415677,373273873,61182,187053,173666
TSVC,Reductions-flt,18712241207,8905776838,7449182,388478,5.22%,1058432037,4812186,0.45%,12251,1056268990,5276736,3088043714,210138645,264447001,15548178,172133097,10778291,7062514,1014663,1807639,378275,132792,3261493114,381128,344351878,54732,210959,166071
TSVC,LoopRestructuring-dbl,13285933265,5729848591,1414481663,399146,0.03%,640703203,8232853,1.28%,12593,639812632,8699336,1547403680,1709388532,1191797488,752016907,87990117,9578582,848434154,741491,526974071,840500,208932,1725921171,510165,1272214887,62438,194530,163173
TSVC,LoopRerolling-dbl,12142870625,14626025360,623631250,268028,0.04%,686925736,4309747,0.63%,12583,687471407,4394643,7530145637,1263326478,1652230073,372253407,711189077,11576714,510449990,710668,156581334,916263,317472,7197695322,1045505,1564795802,61139,143370,148600
TSVC,InductionVariable-dbl,12081857112,17618891187,827715390,406431,0.05%,1943590481,5475860,0.28%,12718,1959834785,5751884,6813920959,1324442106,3189230056,532653372,699254333,10498586,757879292,747114,190135249,910416,331478,6483073434,1007510,3127448611,86479,205901,166225
TSVC,Recurrences-dbl,11605698352,10196028199,26256776,365530,1.39%,1371179661,4223166,0.31%,12598,1360014101,4708383,3703139602,482167288,1671319147,202889213,390051084,10870207,21920485,987596,7143804,648581,239655,3638231470,387506,1716339050,54699,189700,159979
TSVC,Packing-dbl,11286013524,30511095792,399952495,386659,0.10%,6842481377,5189883,0.08%,12716,6816674479,5599865,5374895641,1103435738,3398664202,410800154,564188056,10615962,407496241,1025347,89272780,123163,43248,5221732844,381908,3457514442,68921,207178,165299
TSVC,Recurrences-flt,11203506249,10151720554,9947613,379123,3.81%,1375466422,4293037,0.31%,12278,1365469357,4615787,3758298983,254171456,1697042582,104840994,195543830,10509285,9280470,927306,2919249,629103,199261,3629835508,390110,1696467041,54139,200479,163723
TSVC,StatementReordering-dbl,11156341688,19986159828,349907386,381413,0.11%,2024326775,4254979,0.21%,12587,2019023519,4232121,7382772245,1066685611,3969167923,489533650,839012311,11604603,528825106,697702,61653908,529325,251159,6842719285,730137,3932461693,65300,171823,150768
TSVC,IndirectAddressing-dbl,11030500328,19925946595,333655890,360490,0.11%,1813638160,5473472,0.30%,12579,1797367697,5542912,9353605803,1086607770,2069683319,252317219,686979902,11340037,431640605,693464,114567558,440766,255513,8736280181,1328061,2096544678,75240,186942,144454
TSVC,Expansion-dbl,10751792522,12709552956,910305832,531900,0.06%,1379179848,4537155,0.33%,12593,1439036021,4739563,4691515662,1191034061,2363096494,480388259,485383054,12249453,718302790,835418,162991910,792262,288734,4664757257,386050,2406981992,62162,216937,169405
TSVC,Searching-dbl,10686782129,18685083596,13912029,514554,3.70%,3684511923,4573555,0.12%,12566,3679066067,4775644,5407959964,657756966,80089847,4091542,610622313,10842419,13619161,739304,1321455,851295,233779,5164169268,575748,41373163,53230,224916,166092
TSVC,Searching-flt,10507429972,18796838919,5773798,472406,8.18%,3703633479,4603063,0.12%,12240,3630712644,5181325,5396090710,334334376,79809672,4485566,304132257,10238627,6705103,877136,1560284,596263,211504,5306569450,439459,37314430,53475,198072,164034
TSVC,Packing-flt,10713637970,30557734765,168800369,411268,0.24%,6893039202,4991650,0.07%,12300,6847594911,4750694,5429562132,667725202,3425723933,211427775,295523350,10772359,190684438,424881,10679638,882907,299174,5070769645,1076443,3487873834,58065,157168,177048
TSVC,Reductions-dbl,10714100347,9128580047,19669817,438242,2.23%,1090819950,6041878,0.55%,12590,1070490198,5060411,3122044637,416641739,413484503,45509151,379684323,11217418,17460024,525210,5423832,616028,242464,3304560961,1517238,277264683,115314,427611,361631
TSVC,LinearDependence-dbl,10542033850,18128288059,745556319,313580,0.04%,1840555889,10755902,0.58%,12868,1833325884,10649594,5591361841,1174016021,2905624476,477973152,346718308,10440993,628881610,711020,187546977,740800,357936,5142544657,1163436,2823857996,153478,419977,355111
TSVC,LoopRestructuring-flt,10304065405,5301414176,585771491,318414,0.05%,602591611,7106960,1.18%,12262,595108645,7396241,1377807441,1594768093,1148552829,726740893,54614616,10321783,336042791,813773,203794549,816705,257056,1598220671,382617,1221948202,60136,162516,147423
TSVC,ControlLoops-dbl,10213496402,10978705272,573321097,352647,0.06%,1002802620,4384718,0.44%,12655,930453672,4784241,4731414128,979240942,1511319550,323506928,486818346,10774192,532361863,768392,58414433,634787,254117,4575662664,411026,1528977542,54930,230463,171217
TSVC,Symbolics-dbl,9580310365,11616166387,921758731,311342,0.03%,1478091883,4410418,0.30%,12568,1473323492,4505830,4682458671,1343327262,2336655208,482276522,222954585,10361952,660672352,411166,246944933,558014,317629,4221380717,1415761,2257774715,57299,143627,148160
TSVC,CrossingThresholds-dbl,10113766567,14126758566,614031389,404022,0.07%,1199841425,5949884,0.50%,12577,1205209476,5949983,4621824699,994640906,2862472542,593221195,469996756,10708356,447320937,595064,216225053,927557,224175,4385216381,1171073,2848264340,106039,322533,205234
TSVC,GlobalDataFlow-dbl,10033266672,12531935260,830685945,577084,0.07%,1323218379,6985219,0.53%,12806,1324171387,6819107,4859094774,976653982,2232149072,400944924,383308845,13001113,750265067,1309453,62854949,194480,77066,4707367644,435063,2233017253,78181,191891,170895
TSVC,LoopRerolling-flt,9839668550,15128694357,162736240,420517,0.26%,535239086,4515838,0.84%,12249,530909565,4317027,6968090587,647640803,1010631879,194503876,372031975,10298262,127369558,526017,62813462,786230,349231,6433533813,952785,846933491,64072,162754,148325
TSVC,NodeSplitting-flt,9476401932,21225014295,117677305,409123,0.35%,1599356604,4434688,0.28%,12248,1584143093,4872756,5734939833,530392785,3024852376,222016781,414043490,10646599,84058248,853546,4793961,630882,261872,5834987921,474761,3163107098,52853,226116,165964
TSVC,ControlFlow-dbl,11666080522,24394634587,552814515,354978,0.06%,4752432858,4805009,0.10%,12596,4690764463,4974606,7255338151,1283832326,2512871254,402337140,841203896,10034801,697873930,784784,29850111,1020643,343128,6774905001,580397,2573392491,54597,199119,165362
TSVC,NodeSplitting-dbl,11687860149,23209790484,356067473,482508,0.14%,1790180036,5148253,0.29%,12565,1810542957,5356153,6646430422,1086971144,3249141558,426790487,842512825,13264426,503560501,860756,21511406,505634,174931,6404406389,725759,3427348153,98543,222073,195520
TSVC,IndirectAddressing-flt,8826229309,20185156280,44134934,371226,0.84%,2025879082,5520753,0.27%,12258,2004001898,5920844,9341226544,604515229,2061171888,127282185,406053236,10742580,42401865,866448,7676301,637497,326223,8753882548,562462,2146383634,54413,176785,160343
TSVC,InductionVariable-flt,8664580115,15953675950,202365675,370529,0.18%,1773909890,4616893,0.26%,12318,1803338838,4972776,5990028647,678947835,2825637655,274226189,345581749,10696924,170772075,813408,41443521,639325,244766,5611944055,570156,2837882579,54061,217589,171291
TSVC,ControlFlow-flt,8591312490,22315409223,174381378,254851,0.15%,3790653748,4779124,0.13%,12247,3789774860,4893712,5143848957,751279052,2438144318,242283765,455201256,11146108,159784037,723122,8903926,804045,285575,4878694650,575871,2568405625,62546,185236,150194
TSVC,ControlLoops-flt,8114435605,7960412411,123313970,404714,0.33%,768886393,4511462,0.59%,12287,771636817,4868588,3478023204,486427303,901012156,153405740,232585235,10288368,108992431,789386,8051626,816390,306811,3116246953,351874,963765990,62030,175323,142934
TSVC,StatementReordering-flt,8038921088,20221815281,42961200,444250,1.03%,2012606899,4498271,0.22%,12248,2013836808,5060831,7451977237,537518161,3970034636,239728174,407723264,10039362,41350280,713318,7714377,592894,230678,7132663370,504143,4070090062,51541,205483,158968
TSVC,CrossingThresholds-flt,7262910482,12076322839,247044452,264039,0.11%,1008706627,5604055,0.56%,12235,964324923,5630152,3539635596,648565736,2424520410,380766908,240092690,11337268,199099430,682419,38293433,663128,282309,3559501314,356032,2582097845,64044,189310,149640
TSVC,LinearDependence-flt,6998135377,16205312724,127482076,509042,0.40%,1665686127,9428680,0.57%,12409,1688883807,10138928,4858259441,681985227,2306878352,217893250,188678513,9768610,131148015,735641,25526049,758718,212217,4514120047,393962,2465191387,55655,184372,158478
TSVC,Expansion-flt,6503034165,10066474165,345143923,341908,0.10%,1162395531,5188447,0.45%,12262,1120321157,4934634,3457852229,697274257,1679280449,277336683,267343697,10908343,299330496,415872,46577660,784018,280975,3103599404,1673425,1666602855,150575,470273,356884
TSVC,Equivalencing-dbl,5548323291,5228353009,477487591,456517,0.10%,540088929,4306980,0.80%,12706,531864485,4391153,2589475016,640308941,1302989386,309472813,156607841,10261318,427684401,699719,53672046,784240,236157,2341489477,1140382,1291011119,55625,158312,150062
TSVC,GlobalDataFlow-flt,4516898478,6686221272,140847120,426967,0.30%,836934323,5241847,0.63%,12372,830778311,5207740,2449213063,555131635,1215863649,216251564,195914582,10705570,140302570,387176,21391887,692434,407606,2159635064,1229944,1225159782,103025,208574,150523
TSVC,Symbolics-flt,4396560915,8099534719,23864820,380922,1.60%,1053129483,4420080,0.42%,12245,1071201982,5032993,3036663958,671924972,1496299901,231489614,149143376,11076939,13216936,930297,3269336,185637,188694,3026458548,432465,1543931264,52146,227124,176085
TSVC,Equivalencing-flt,2301963798,3018625229,46947051,357898,0.76%,312667861,4473143,1.43%,12330,306699435,4874993,1520859652,351131036,708260650,161970368,52709786,9906264,39513157,683707,2701566,381693,257768,1220256282,560922,764164459,63504,196365,175209
VersaBench,8b10b,13121433997,18524759754,10420081,221274,2.12%,2145272353,277550893,12.94%,11840,2138547409,278590070,2187052006,66383998,1732172815,29565832,27216844,12880066,7051509,788659,1322184,623981,206996,2153420767,1240825,1702948199,119899,769112,432749
VersaBench,ecbdes,6762915567,12991908113,5026220,373765,7.44%,262535959,5669693,2.16%,11800,265834232,6145346,3087545527,11098302,310745016,3758005,1665385,10793969,4373058,595038,1073724,516426,311453,2802360585,1265449,313366243,84787,174170,161103
VersaBench,bmm,7298272185,10831547981,1099939461,375861,0.03%,1213408205,22147576,1.83%,15862,1206609306,21976363,2361167117,1149890340,97877910,21102796,4441067,11404066,1012994017,680391,1791252,750418,174616,2212380630,2852294,118788134,119257,191021,184585
VersaBench,dbms,3692638361,3671656432,51307939,800367,1.56%,859774298,23571401,2.74%,14308,838698799,23525568,1146786891,97467173,525554934,11337316,19692780,8743947,44704066,457650,1850230,419810,377519,1025092480,18414975,484923141,333450,387618,289270
VersaBench,beamformer,3110304600,7353303593,6221781,441972,7.10%,640403919,8378784,1.31%,12503,632298282,8431887,1461148145,16563071,237382295,8232216,2500610,11491782,4905384,723677,1404046,908910,352123,1200476185,798580,191621131,66804,323406,168897